ProductName,Category,SubCategory,total_sales,total_profit,profit_margin
Eureka Disposable Bags for Sanitaire Vibra Groomer I Upright Vac,Office Supplies,Appliances,1.62,-4.47,-276.0
"Bush Westfield Collection Bookcases, Dark Cherry Finish, Fully Assembled",Furniture,Bookcases,90.88,-190.85,-210.0
Euro Pro Shark Stick Mini Vacuum,Office Supplies,Appliances,170.74,-325.64,-191.0
Okidata B401 Printer,Technology,Machines,179.99,-251.99,-140.0
Zebra GK420t Direct Thermal/Thermal Transfer Printer,Technology,Machines,703.71,-938.28,-133.0
GBC Plasticlear Binding Covers,Office Supplies,Binders,68.88,-68.43,-99.0
"Brother MFC-9340CDW LED All-In-One Printer, Copier Scanner",Technology,Machines,341.99,-319.19,-93.0
Epson TM-T88V Direct Thermal Printer - Monochrome - Desktop,Technology,Machines,1212.71,-1057.23,-87.0
GBC VeloBinder Electric Binding Machine,Office Supplies,Binders,496.02,-411.33,-83.0
Epson Perfection V600 Photo Scanner,Technology,Machines,206.99,-172.49,-83.0
Cubify CubeX 3D Printer Double Head Print,Technology,Machines,11099.96,-8879.97,-80.0
Eldon Executive Woodline II Cherry Finish Desk Accessories,Furniture,Furnishings,98.13,-78.51,-80.0
Plantronics Single Ear Headset,Technology,Machines,29.93,-21.95,-73.0
Cisco 8961 IP Phone Charcoal,Technology,Machines,224.94,-164.95,-73.0
Lexmark MarkNet N8150 Wireless Print Server,Technology,Machines,723.51,-506.46,-70.0
Hewlett-Packard Deskjet F4180 All-in-One Color Ink-jet - Printer / copier / scanner,Technology,Machines,101.99,-71.4,-70.0
BoxOffice By Design Rectangular and Half-Moon Meeting Room Tables,Furniture,Tables,1706.26,-1148.44,-67.0
Insertable Tab Post Binder Dividers,Office Supplies,Binders,66.57,-39.69,-60.0
Honeywell Enviracaire Portable Air Cleaner for up to 8 x 10 Room,Office Supplies,Appliances,299.2,-177.23,-59.0
Bevis Rectangular Conference Tables,Furniture,Tables,1007.26,-586.85,-58.0
Avery Reinforcements for Hole-Punch Pages,Office Supplies,Binders,28.52,-16.15,-57.0
Acco Economy Flexible Poly Round Ring Binder,Office Supplies,Binders,11.48,-5.74,-50.0
Texas Instrument TI-15 Fraction Calculator,Technology,Machines,41.91,-20.52,-49.0
Wilson Jones Custom Binder Spines & Labels,Office Supplies,Binders,41.35,-19.69,-48.0
Cubify CubeX 3D Printer Triple Head Print,Technology,Machines,7999.98,-3839.99,-48.0
Avery Durable Slant Ring Binders,Office Supplies,Binders,51.48,-23.76,-46.0
Belkin F9S820V06 8 Outlet Surge,Office Supplies,Appliances,266.33,-120.17,-45.0
Accohide Poly Flexible Ring Binders,Office Supplies,Binders,43.75,-19.83,-45.0
Riverside Furniture Stanwyck Manor Table Series,Furniture,Tables,917.92,-415.93,-45.0
GBC VeloBinder Strips,Office Supplies,Binders,52.99,-23.81,-45.0
Acco D-Ring Binder w/DublLock,Office Supplies,Binders,235.18,-102.84,-44.0
"Sauder Forest Hills Library with Doors, Woodland Oak Finish",Furniture,Bookcases,1014.18,-418.55,-41.0
GBC Linen Binding Covers,Office Supplies,Binders,207.57,-82.41,-40.0
Sauder Barrister Bookcases,Furniture,Bookcases,754.73,-294.77,-39.0
Acco 6 Outlet Guardian Premium Plus Surge Suppressor,Office Supplies,Appliances,289.45,-113.78,-39.0
"Premier Elliptical Ring Binder, Black",Office Supplies,Binders,526.61,-201.51,-38.0
BPI Conference Tables,Furniture,Tables,2241.87,-795.98,-36.0
O'Sullivan 4-Shelf Bookcase in Odessa Pine,Furniture,Bookcases,2740.2,-975.12,-36.0
Avery Recycled Flexi-View Covers for Binding Systems,Office Supplies,Binders,197.17,-69.57,-35.0
StarTech.com 10/100 VDSL2 Ethernet Extender Kit,Technology,Machines,2330.65,-785.77,-34.0
Anderson Hickey Conga Table Tops & Accessories,Furniture,Tables,51.78,-17.51,-34.0
Balt Split Level Computer Training Table,Furniture,Tables,1040.63,-357.98,-34.0
Cardinal Hold-It CD Pocket,Office Supplies,Binders,38.3,-12.46,-33.0
Bestar Classic Bookcase,Furniture,Bookcases,1897.81,-612.93,-32.0
3.6 Cubic Foot Counter Height Office Refrigerator,Office Supplies,Appliances,2946.19,-872.07,-30.0
Chromcraft Bull-Nose Wood Oval Conference Tables & Bases,Furniture,Tables,9917.64,-2876.11,-29.0
"Tenex Carpeted, Granite-Look or Clear Contemporary Contour Shape Chair Mats",Furniture,Furnishings,763.67,-222.73,-29.0
"Atlantic Metals Mobile 2-Shelf Bookcases, Custom Colors",Furniture,Bookcases,400.02,-113.26,-28.0
Insertable Tab Indexes For Data Binders,Office Supplies,Binders,17.49,-4.83,-28.0
Tenex Chairmats For Use with Hard Floors,Furniture,Furnishings,467.71,-129.93,-28.0
Lexmark MX611dhe Monochrome Laser Printer,Technology,Machines,16829.9,-4589.97,-27.0
"Eldon ""L"" Workstation Diamond Chairmat",Furniture,Furnishings,1002.93,-267.45,-27.0
Balt Solid Wood Rectangular Table,Furniture,Tables,828.1,-216.25,-26.0
"Riverside Furniture Oval Coffee Table, Oval End Table, End Table with Drawer",Furniture,Tables,4446.18,-1147.41,-26.0
O'Sullivan Plantations 2-Door Library in Landvery Oak,Furniture,Bookcases,2946.36,-767.75,-26.0
"Tenex Traditional Chairmats for Hard Floors, Average Lip, 36"" x 48""",Furniture,Furnishings,180.46,-46.4,-26.0
"Tenex Chairmat w/ Average Lip, 45"" x 53""",Furniture,Furnishings,2058.5,-529.76,-26.0
Sauder Cornerstone Collection Library,Furniture,Bookcases,322.19,-81.17,-25.0
Kensington 6 Outlet SmartSocket Surge Protector,Office Supplies,Appliances,147.53,-36.88,-25.0
LG G2,Technology,Phones,1499.97,-374.99,-25.0
Hon 61000 Series Interactive Training Tables,Furniture,Tables,653.12,-148.4,-23.0
Global Enterprise Series Seating High-Back Swivel/Tilt Chairs,Furniture,Chairs,2032.35,-460.67,-23.0
"Office Star - Contemporary Task Swivel chair with 2-way adjustable arms, Plum",Furniture,Chairs,694.2,-158.49,-23.0
"Acco Pressboard Covers with Storage Hooks, 14 7/8"" x 11"", Executive Red",Office Supplies,Binders,63.64,-13.9,-22.0
Avery Hidden Tab Dividers for Binding Systems,Office Supplies,Binders,31.59,-7.04,-22.0
KI Conference Tables,Furniture,Tables,2140.9,-479.21,-22.0
O'Sullivan Living Dimensions 5-Shelf Bookcases,Furniture,Bookcases,3420.77,-755.76,-22.0
"Bevis Traditional Conference Table Top, Plinth Base",Furniture,Tables,2033.5,-456.71,-22.0
Catalog Binders with Expanding Posts,Office Supplies,Binders,1089.93,-242.21,-22.0
Anker Astro Mini 3000mAh Ultra-Compact Portable Charger,Technology,Phones,147.92,-31.99,-22.0
PNY Rapid USB Car Charger - Black,Technology,Phones,9.59,-2.08,-22.0
iOttie XL Car Mount,Technology,Phones,223.89,-50.37,-22.0
Eldon ClusterMat Chair Mat with Cordless Antistatic Protection,Furniture,Furnishings,1200.93,-256.56,-21.0
"Deflect-o RollaMat Studded, Beveled Mat for Medium Pile Carpeting",Furniture,Furnishings,1623.25,-343.1,-21.0
Bush Advantage Collection Racetrack Conference Table,Furniture,Tables,9544.72,-1934.4,-20.0
GBC ProClick Spines for 32-Hole Punch,Office Supplies,Binders,66.41,-13.28,-20.0
"3D Systems Cube Printer, 2nd Generation, White",Technology,Machines,2339.98,-468.0,-20.0
Swingline SM12-08 MicroCut Jam Free Shredder,Technology,Machines,2359.95,-447.99,-19.0
Hon 2090 Pillow Soft Series Mid Back Swivel/Tilt Chairs,Furniture,Chairs,5282.42,-989.04,-19.0
"Bevis Round Conference Table Top, X-Base",Furniture,Tables,2671.43,-519.94,-19.0
Avery Durable Poly Binders,Office Supplies,Binders,82.95,-15.59,-19.0
UniKeep View Case Binders,Office Supplies,Binders,28.84,-5.48,-19.0
Acco Side-Punched Conventional Columnar Pads,Office Supplies,Supplies,41.64,-7.8,-19.0
"Avery Triangle Shaped Sheet Lifters, Black, 2/Pack",Office Supplies,Binders,25.82,-4.93,-19.0
Sterling Rubber Bands by Alliance,Office Supplies,Fasteners,19.78,-3.77,-19.0
Storex Flexible Poly Binders with Double Pockets,Office Supplies,Binders,10.83,-2.0,-18.0
XtraLife ClearVue Slant-D Ring Binders by Cardinal,Office Supplies,Binders,72.91,-13.33,-18.0
Bevis Boat-Shaped Conference Table,Furniture,Tables,2542.47,-445.6,-18.0
O'Sullivan 2-Shelf Heavy-Duty Bookcases,Furniture,Bookcases,723.85,-133.11,-18.0
Balt Solid Wood Round Tables,Furniture,Tables,6518.76,-1201.06,-18.0
Computer Printout Index Tabs,Office Supplies,Binders,11.08,-2.02,-18.0
LG Exalt,Technology,Phones,1154.32,-212.15,-18.0
"Global Task Chair, Black",Furniture,Chairs,463.1,-80.41,-17.0
GBC Instant Index System for Binding Systems,Office Supplies,Binders,71.93,-12.43,-17.0
Bretford Just In Time Height-Adjustable Multi-Task Work Tables,Furniture,Tables,5634.9,-964.2,-17.0
Cyber Acoustics AC-202b Speech Recognition Stereo Headset,Technology,Phones,119.51,-20.52,-17.0
Jawbone MINI JAMBOX Wireless Bluetooth Speaker,Technology,Phones,2027.31,-339.71,-17.0
O'Sullivan Manor Hill 2-Door Library in Brianna Oak,Furniture,Bookcases,1646.92,-285.95,-17.0
Serrated Blade or Curved Handle Hand Letter Openers,Office Supplies,Supplies,23.86,-4.12,-17.0
Shocksock Galaxy S4 Armband,Technology,Phones,63.51,-10.07,-16.0
Tenex Antistatic Computer Chair Mats,Furniture,Furnishings,3317.02,-530.03,-16.0
Stiletto Hand Letter Openers,Office Supplies,Supplies,136.32,-21.99,-16.0
Novimex Swivel Fabric Task Chair,Furniture,Chairs,2913.92,-445.39,-15.0
Hon Racetrack Conference Tables,Furniture,Tables,3963.91,-598.52,-15.0
Premier Automatic Letter Opener,Office Supplies,Supplies,2836.36,-427.86,-15.0
OtterBox Commuter Series Case - Samsung Galaxy S4,Technology,Phones,384.84,-55.98,-15.0
"SAFCO Commercial Wire Shelving, Black",Office Supplies,Storage,4199.45,-635.45,-15.0
Mediabridge Sport Armband iPhone 5s,Technology,Phones,257.75,-38.95,-15.0
"Bush Westfield Collection Bookcases, Dark Cherry Finish",Furniture,Bookcases,649.38,-97.4,-15.0
SanDisk Ultra 16 GB MicroSDHC Class 10 Memory Card,Technology,Accessories,329.94,-48.59,-15.0
Okidata MB491 Multifunction Printer,Technology,Machines,2844.3,-434.13,-15.0
"Iris 3-Drawer Stacking Bin, Black",Office Supplies,Storage,284.11,-43.45,-15.0
Okidata C610n Printer,Technology,Machines,2011.9,-292.05,-15.0
Global Low Back Tilter Chair,Furniture,Chairs,1746.95,-246.38,-14.0
Novimex High-Tech Fabric Mesh Task Chair,Furniture,Chairs,922.74,-133.44,-14.0
GBC ProClick 150 Presentation Binding System,Office Supplies,Binders,3222.99,-461.32,-14.0
i.Sound Portable Power - 8000 mAh,Technology,Phones,413.31,-58.83,-14.0
"Electrix Incandescent Magnifying Lamp, Black",Furniture,Furnishings,117.28,-16.49,-14.0
"Hon 30"" x 60"" Table with Locking Drawer",Furniture,Tables,1296.03,-177.35,-14.0
"Chromcraft Bull-Nose Wood 48"" x 96"" Rectangular Conference Tables",Furniture,Tables,4297.65,-611.59,-14.0
Global Deluxe High-Back Office Chair in Storm,Furniture,Chairs,1087.92,-149.6,-14.0
"Bush Birmingham Collection Bookcase, Dark Cherry",Furniture,Bookcases,825.17,-117.88,-14.0
Rush Hierlooms Collection Rich Wood Bookcases,Furniture,Bookcases,489.38,-70.83,-14.0
Hoover Commercial Lightweight Upright Vacuum,Office Supplies,Appliances,18.09,-2.51,-14.0
Eldon 100 Class Desk Accessories,Furniture,Furnishings,36.39,-4.84,-13.0
"Belkin 19"" Vented Equipment Shelf, Black",Office Supplies,Storage,1400.26,-179.66,-13.0
Safco Industrial Shelving,Office Supplies,Storage,827.12,-104.12,-13.0
"Sauder Mission Library with Doors, Fruitwood Finish",Furniture,Bookcases,935.2,-125.74,-13.0
Acco Suede Grain Vinyl Round Ring Binder,Office Supplies,Binders,38.64,-4.88,-13.0
Eldon Advantage Foldable Chair Mats for Low Pile Carpets,Furniture,Furnishings,379.4,-48.78,-13.0
Office Star Flex Back Scooter Chair with White Frame,Furniture,Chairs,1775.67,-228.6,-13.0
Hon 2111 Invitation Series Corner Table,Furniture,Tables,3140.56,-402.0,-13.0
V7 USB Numeric Keypad,Technology,Accessories,461.87,-58.78,-13.0
Tennsco Commercial Shelving,Office Supplies,Storage,374.25,-48.6,-13.0
"Office Star - Contemporary Task Swivel chair with Loop Arms, Charcoal",Furniture,Chairs,3680.53,-491.17,-13.0
Hon 4-Shelf Metal Bookcases,Furniture,Bookcases,1474.31,-191.85,-13.0
Acme Serrated Blade Letter Opener,Office Supplies,Supplies,13.99,-1.75,-13.0
"Pressboard Covers with Storage Hooks, 9 1/2"" x 11"", Light Blue",Office Supplies,Binders,102.62,-11.87,-12.0
Global Deluxe Steno Chair,Furniture,Chairs,1770.53,-216.29,-12.0
"Lesro Round Back Collection Coffee Table, End Table",Furniture,Tables,2847.79,-328.59,-12.0
Revere Boxed Rubber Bands by Revere,Office Supplies,Fasteners,48.0,-5.71,-12.0
"Bevis Oval Conference Table, Walnut",Furniture,Tables,6942.07,-856.02,-12.0
"Global Wood Trimmed Manager's Task Chair, Khaki",Furniture,Chairs,4166.89,-503.12,-12.0
Eldon Cleatmat Chair Mats for Medium Pile Carpets,Furniture,Furnishings,344.1,-42.18,-12.0
Fellowes Command Center 5-outlet power strip,Office Supplies,Appliances,664.83,-78.02,-12.0
Motorola HK250 Universal Bluetooth Headset,Technology,Phones,832.24,-91.49,-11.0
"Deflect-o EconoMat Studded, No Bevel Mat for Low Pile Carpeting",Furniture,Furnishings,1115.63,-125.18,-11.0
"GBC Standard Recycled Report Covers, Clear Plastic Sheets",Office Supplies,Binders,258.72,-27.17,-11.0
"Bush Saratoga Collection 5-Shelf Bookcase, Hanover Cherry, *Special Order",Furniture,Bookcases,119.83,-12.69,-11.0
Carina Media Storage Towers in Natural & Black,Office Supplies,Storage,1073.25,-121.96,-11.0
"Iceberg OfficeWorks 42"" Round Tables",Furniture,Tables,3457.44,-392.56,-11.0
Hoover Commercial Soft Guard Upright Vacuum And Disposable Filtration Bags,Office Supplies,Appliances,91.68,-10.41,-11.0
Macally Suction Cup Mount,Technology,Phones,279.63,-31.07,-11.0
36X48 HARDFLOOR CHAIRMAT,Furniture,Furnishings,369.25,-40.49,-11.0
Logitech Keyboard K120,Technology,Accessories,174.24,-19.6,-11.0
Speck Products Candyshell Flip Case,Technology,Phones,188.94,-18.2,-10.0
Xerox WorkCentre 6505DN Laser Multifunction Printer,Technology,Machines,2519.96,-252.0,-10.0
GBC DocuBind P400 Electric Binding System,Office Supplies,Binders,17965.07,-1878.17,-10.0
"Contico 72""H Heavy-Duty Storage System",Office Supplies,Storage,598.31,-57.37,-10.0
SAFCO Boltless Steel Shelving,Office Supplies,Storage,4704.71,-470.47,-10.0
Laminate Occasional Tables,Furniture,Tables,2096.17,-206.54,-10.0
"Avery 3 1/2"" Diskette Storage Pages, 10/Pack",Office Supplies,Binders,137.81,-14.42,-10.0
Fellowes Econo/Stor Drawers,Office Supplies,Storage,581.58,-56.22,-10.0
"Bush Andora Conference Table, Maple/Graphite Gray Finish",Furniture,Tables,1436.24,-143.62,-10.0
"Wilson Jones Elliptical Ring 3 1/2"" Capacity Binders, 800 sheets",Office Supplies,Binders,834.6,-82.15,-10.0
Acco 6 Outlet Guardian Basic Surge Suppressor,Office Supplies,Appliances,38.27,-3.66,-10.0
Clearsounds A400,Technology,Phones,488.33,-48.83,-10.0
Dana Swing-Arm Lamps,Furniture,Furnishings,108.93,-11.22,-10.0
"Barricks 18"" x 48"" Non-Folding Utility Table with Bottom Storage Shelf",Furniture,Tables,1088.64,-104.82,-10.0
Chromcraft Rectangular Conference Tables,Furniture,Tables,4952.67,-450.24,-9.0
Safco Industrial Wire Shelving System,Office Supplies,Storage,2511.04,-218.36,-9.0
Safco Industrial Wire Shelving,Office Supplies,Storage,1363.06,-126.7,-9.0
Eldon Cleatmat Plus Chair Mats for High Pile Carpets,Furniture,Furnishings,1304.13,-111.32,-9.0
GBC Wire Binding Strips,Office Supplies,Binders,212.66,-18.41,-9.0
"Global Geo Office Task Chair, Gray",Furniture,Chairs,1757.26,-166.02,-9.0
Tennsco Single-Tier Lockers,Office Supplies,Storage,9158.29,-825.76,-9.0
"Global High-Back Leather Tilter, Burgundy",Furniture,Chairs,5436.15,-474.74,-9.0
Pressboard Hanging Data Binders for Unburst Sheets,Office Supplies,Binders,112.68,-10.13,-9.0
Hon 94000 Series Round Tables,Furniture,Tables,7404.49,-681.22,-9.0
Acme Rosewood Handle Letter Opener,Office Supplies,Supplies,43.67,-3.49,-8.0
"Gould Plastics 18-Pocket Panel Bin, 34w x 5-1/4d x 20-1/2h",Office Supplies,Storage,2299.74,-172.95,-8.0
Rogers Deluxe File Chest,Office Supplies,Storage,444.0,-34.72,-8.0
Martin Yale Chadless Opener Electric Letter Opener,Office Supplies,Supplies,16656.21,-1299.19,-8.0
"Super Bands, 12/Pack",Office Supplies,Fasteners,33.48,-2.6,-8.0
"Chromcraft 48"" x 96"" Racetrack Double Pedestal Table",Furniture,Tables,5098.17,-404.0,-8.0
Tennsco Industrial Shelving,Office Supplies,Storage,1281.45,-108.6,-8.0
Bevis Round Conference Room Tables and Bases,Furniture,Tables,519.94,-39.44,-8.0
"Rubbermaid ClusterMat Chairmats, Mat Size- 66"" x 60"", Lip 20"" x 11"" -90 Degree Angle",Furniture,Furnishings,2064.22,-173.14,-8.0
Hon Rectangular Conference Tables,Furniture,Tables,3481.52,-295.81,-8.0
Cisco TelePresence System EX90 Videoconferencing Unit,Technology,Machines,22638.48,-1811.08,-8.0
Sterilite Show Offs Storage Containers,Office Supplies,Storage,78.14,-6.34,-8.0
Akro Stacking Bins,Office Supplies,Storage,91.52,-6.93,-8.0
Sauder Camden County Collection Library,Furniture,Bookcases,1368.26,-103.49,-8.0
Bretford CR4500 Series Slim Rectangular Table,Furniture,Tables,7242.78,-532.76,-7.0
"Gould Plastics 9-Pocket Panel Bin, 18-3/8w x 5-1/4d x 20-1/2h, Black",Office Supplies,Storage,953.81,-63.59,-7.0
"Tennsco Lockers, Gray",Office Supplies,Storage,402.81,-26.43,-7.0
Fellowes Officeware Wire Shelving,Office Supplies,Storage,4509.47,-332.36,-7.0
Large Capacity Hanging Post Binders,Office Supplies,Binders,276.95,-19.46,-7.0
"Carina 42""Hx23 3/4""W Media Storage Unit",Office Supplies,Storage,1635.79,-110.14,-7.0
3M Replacement Filter for Office Air Cleaner for 20' x 33' Room,Office Supplies,Appliances,303.36,-20.47,-7.0
ARKON Windshield Dashboard Air Vent Car Mount Holder,Technology,Phones,216.96,-15.58,-7.0
"Wilson Jones 1"" Hanging DublLock Ring Binders",Office Supplies,Binders,117.75,-8.55,-7.0
GBC Personal VeloBind Strips,Office Supplies,Binders,156.92,-11.27,-7.0
Novimex Fabric Task Chair,Furniture,Chairs,1890.39,-131.13,-7.0
"Global Leather & Oak Executive Chair, Burgundy",Furniture,Chairs,1689.97,-114.67,-7.0
"Memorex 25GB 6X Branded Blu-Ray Recordable Disc, 30/Pack",Technology,Accessories,472.86,-32.26,-7.0
"Mead 1st Gear 2"" Zipper Binder, Asst. Colors",Office Supplies,Binders,54.47,-3.89,-7.0
O'Sullivan Cherrywood Estates Traditional Barrister Bookcase,Furniture,Bookcases,1072.34,-78.36,-7.0
"Eldon Base for stackable storage shelf, platinum",Office Supplies,Storage,872.26,-52.57,-6.0
Office Star - Mesh Screen back chair with Vinyl seat,Furniture,Chairs,2200.46,-130.98,-6.0
Ibico Hi-Tech Manual Binding System,Office Supplies,Binders,5398.3,-304.97,-6.0
Gear Head AU3700S Headset,Technology,Phones,189.65,-11.95,-6.0
"Stacking Tray, Side-Loading, Legal, Smoke",Furniture,Furnishings,46.59,-2.86,-6.0
Hon 2111 Invitation Series Straight Table,Furniture,Tables,2040.06,-115.31,-6.0
O'Sullivan Living Dimensions 3-Shelf Bookcases,Furniture,Bookcases,2904.16,-170.84,-6.0
"Bush Heritage Pine Collection 5-Shelf Bookcase, Albany Pine Finish, *Special Order",Furniture,Bookcases,3626.02,-208.64,-6.0
iOttie HLCRIO102 Car Mount,Technology,Phones,215.89,-11.99,-6.0
"Belkin 19"" Center-Weighted Shelf, Gray",Office Supplies,Storage,849.31,-47.19,-6.0
Bevis 44 x 96 Conference Tables,Furniture,Tables,3253.22,-164.71,-5.0
Martin-Yale Premier Letter Opener,Office Supplies,Supplies,236.99,-12.88,-5.0
Angle-D Ring Binders,Office Supplies,Binders,39.38,-1.97,-5.0
GBC Standard Plastic Binding Systems Combs,Office Supplies,Binders,55.76,-2.93,-5.0
Office Impressions Heavy Duty Welded Shelving & Multimedia Storage Drawers,Office Supplies,Storage,3178.13,-167.27,-5.0
KI Adjustable-Height Table,Furniture,Tables,4552.62,-248.5,-5.0
Cisco IP Phone 7961G-GE VoIP phone,Technology,Phones,2252.44,-119.12,-5.0
SanDisk Cruzer 8 GB USB Flash Drive,Technology,Accessories,27.17,-1.36,-5.0
"Alliance Super-Size Bands, Assorted Sizes",Office Supplies,Fasteners,197.61,-10.36,-5.0
Kingston Digital DataTraveler 8GB USB 2.0,Technology,Accessories,44.03,-2.03,-5.0
Samsung Convoy 3,Technology,Phones,688.14,-31.08,-5.0
Bush Somerset Collection Bookcase,Furniture,Bookcases,1263.96,-56.33,-4.0
"Riverside Palais Royal Lawyers Bookcase, Royale Cherry Finish",Furniture,Bookcases,15610.97,-669.53,-4.0
High-Back Leather Manager's Chair,Furniture,Chairs,4770.65,-197.59,-4.0
Anker Astro 15000mAh USB Portable Charger,Technology,Phones,599.88,-23.99,-4.0
"Bevis Round Bullnose 29"" High Table Top",Furniture,Tables,4544.93,-192.19,-4.0
Telescoping Adjustable Floor Lamp,Furniture,Furnishings,143.92,-5.99,-4.0
Hon 5100 Series Wood Tables,Furniture,Tables,5965.08,-238.62,-4.0
Space Solutions Commercial Steel Shelving,Office Supplies,Storage,1952.43,-74.33,-4.0
Fellowes Neat Ideas Storage Cubes,Office Supplies,Storage,480.7,-18.18,-4.0
Fellowes Black Plastic Comb Bindings,Office Supplies,Binders,102.26,-4.42,-4.0
Cisco CP-7937G Unified IP Conference Station Phone,Technology,Machines,1391.4,-55.66,-4.0
"Brites Rubber Bands, 1 1/2 oz. Box",Office Supplies,Fasteners,13.07,-0.51,-4.0
"Sauder Camden County Collection Libraries, Planked Cherry Finish",Furniture,Bookcases,1909.82,-78.2,-4.0
Plymouth Boxed Rubber Bands by Plymouth,Office Supplies,Fasteners,77.24,-3.29,-4.0
"O'Sullivan Elevations Bookcase, Cherry Finish",Furniture,Bookcases,1912.31,-68.11,-4.0
"Sauder Forest Hills Library, Woodland Oak Finish",Furniture,Bookcases,1875.04,-70.5,-4.0
Space Solutions Industrial Galvanized Steel Shelving.,Office Supplies,Storage,520.08,-20.49,-4.0
Bretford Rectangular Conference Table Tops,Furniture,Tables,12995.28,-327.25,-3.0
Round Ring Binders,Office Supplies,Binders,29.95,-0.92,-3.0
"Eldon Expressions Desk Accessory, Wood Photo Frame, Mahogany",Furniture,Furnishings,262.76,-7.62,-3.0
Office Star - Ergonomically Designed Knee Chair,Furniture,Chairs,1311.88,-42.11,-3.0
Fellowes Bankers Box Recycled Super Stor/Drawer,Office Supplies,Storage,1187.56,-30.22,-3.0
O'Sullivan Living Dimensions 2-Shelf Bookcases,Furniture,Bookcases,2970.07,-78.64,-3.0
"Tenex ""The Solids"" Textured Chair Mats",Furniture,Furnishings,1469.16,-40.57,-3.0
Eldon Shelf Savers Cubes and Bins,Office Supplies,Storage,300.14,-7.66,-3.0
Samsung Galaxy Note 2,Technology,Phones,4507.9,-128.8,-3.0
Sensible Storage WireTech Storage Systems,Office Supplies,Storage,2484.31,-78.06,-3.0
"Carina Mini System Audio Rack, Model AR050B",Office Supplies,Storage,2730.11,-68.8,-3.0
Dexim XPower Skin Super-Thin Power Case for iPhone 5 - Black,Technology,Phones,467.92,-14.62,-3.0
Novimex Turbo Task Chair,Furniture,Chairs,1341.51,-32.66,-2.0
"Atlantic Metals Mobile 4-Shelf Bookcases, Custom Colors",Furniture,Bookcases,5184.1,-126.43,-2.0
Safco Commercial Shelving,Office Supplies,Storage,483.71,-7.44,-2.0
Motorola L804,Technology,Phones,607.06,-13.33,-2.0
Tripp Lite Isotel 8 Ultra 8 Outlet Metal Surge,Office Supplies,Appliances,823.25,-17.03,-2.0
Chromcraft Round Conference Tables,Furniture,Tables,8209.07,-189.99,-2.0
"SAFCO Commercial Wire Shelving, 72h",Office Supplies,Storage,1445.26,-24.5,-2.0
Hon Deluxe Fabric Upholstered Stacking Chairs,Furniture,Chairs,2586.19,-48.8,-2.0
"Rogers Jumbo File, Granite",Office Supplies,Storage,317.77,-4.88,-2.0
"Fellowes Twister Kit, Gray/Clear, 3/pkg",Office Supplies,Binders,182.52,-3.21,-2.0
Avery Self-Adhesive Photo Pockets for Polaroid Photos,Office Supplies,Binders,143.01,-2.19,-2.0
Acco Smartsocket Color-Coded Six-Outlet AC Adapter Model Surge Protectors,Office Supplies,Appliances,448.91,-7.05,-2.0
High Speed Automatic Electric Letter Opener,Office Supplies,Supplies,17030.31,-262.0,-2.0
Compact Automatic Electric Letter Opener,Office Supplies,Supplies,2982.75,-57.28,-2.0
"Hon Metal Bookcases, Black",Furniture,Bookcases,1570.08,-26.96,-2.0
O'Sullivan 5-Shelf Heavy-Duty Bookcases,Furniture,Bookcases,540.8,-12.29,-2.0
Hon Comfortask Task/Swivel Chairs,Furniture,Chairs,1686.9,-36.47,-2.0
Avaya 5410 Digital phone,Technology,Phones,625.5,-10.88,-2.0
"Executive Impressions 16-1/2"" Circular Wall Clock",Furniture,Furnishings,58.78,-1.07,-2.0
"Executive Impressions 14"" Contract Wall Clock with Quartz Movement",Furniture,Furnishings,97.81,-1.77,-2.0
Penpower WorldCard Pro Card Scanner,Technology,Machines,91.48,-1.83,-2.0
"Bush Westfield Collection Bookcases, Medium Cherry Finish",Furniture,Bookcases,1426.88,-20.29,-1.0
"Tennsco Stur-D-Stor Boltless Shelving, 5 Shelves, 24"" Deep, Sand",Office Supplies,Storage,4384.04,-36.54,-1.0
"Office Impressions End Table, 20-1/2""H x 24""W x 20""D",Furniture,Tables,5801.82,-66.83,-1.0
"GBC Twin Loop Wire Binding Elements, 9/16"" Spine, Black",Office Supplies,Binders,269.41,-2.27,-1.0
"Safco Value Mate Series Steel Bookcases, Baked Enamel Finish on Steel, Gray",Furniture,Bookcases,858.86,-9.95,-1.0
"Lesro Sheffield Collection Coffee Table, End Table, Center Table, Corner Table",Furniture,Tables,2298.12,-12.14,-1.0
"GBC Velobind Prepunched Cover Sets, Regency Series",Office Supplies,Binders,661.94,-9.24,-1.0
Fellowes Bankers Box Stor/Drawer Steel Plus,Office Supplies,Storage,1426.31,-12.8,-1.0
Case Logic 2.4GHz Wireless Keyboard,Technology,Accessories,1229.76,-11.99,-1.0
Rubber Band Ball,Office Supplies,Fasteners,58.34,-0.31,-1.0
"Sauder Facets Collection Library, Sky Alder Finish",Furniture,Bookcases,1427.69,-8.55,-1.0
"Avery Framed View Binder, EZD Ring (Locking), Navy, 1 1/2""",Office Supplies,Binders,99.81,-0.7,-1.0
Plantronics MX500i Earset,Technology,Phones,618.48,-6.42,-1.0
Panasonic KX MC6040 Color Laser Multifunction Printer,Technology,Machines,1619.82,-22.5,-1.0
"Global Armless Task Chair, Royal Blue",Furniture,Chairs,1396.44,-20.73,-1.0
Hoover Commercial Lightweight Upright Vacuum with E-Z Empty Dirt Cup,Office Supplies,Appliances,1023.35,-9.31,-1.0
Premier Electric Letter Opener,Office Supplies,Supplies,2641.62,0.01,0.0
Carina Double Wide Media Storage Towers in Natural & Black,Office Supplies,Storage,3028.65,-3.23,0.0
Eldon Gobal File Keepers,Office Supplies,Storage,348.22,-0.6,0.0
HON 5400 Series Task Chairs for Big and Tall,Furniture,Chairs,21870.57,0.0,0.0
"Alliance Big Bands Rubber Bands, 12/Pack",Office Supplies,Fasteners,29.7,0.0,0.0
Tennsco Regal Shelving Units,Office Supplies,Storage,1764.53,-6.08,0.0
"Acco PRESSTEX Data Binder with Storage Hooks, Dark Blue, 9 1/2"" X 11""",Office Supplies,Binders,62.95,-0.16,0.0
"Avery Trapezoid Extra Heavy Duty 4"" Binders",Office Supplies,Binders,314.54,-0.01,0.0
"Atlantic Metals Mobile 5-Shelf Bookcases, Custom Colors",Furniture,Bookcases,5492.89,15.05,0.0
Global Super Steno Chair,Furniture,Chairs,2389.9,-0.01,0.0
Belkin OmniView SE Rackmount Kit,Office Supplies,Storage,248.36,0.0,0.0
Imation Clip USB flash drive - 8 GB,Technology,Accessories,443.68,1.89,0.0
Space Solutions HD Industrial Steel Shelving.,Office Supplies,Storage,3035.21,24.16,1.0
Bagged Rubber Bands,Office Supplies,Fasteners,25.7,0.3,1.0
Microsoft Natural Keyboard Elite,Technology,Accessories,1497.0,20.96,1.0
First Data FD10 PIN Pad,Technology,Accessories,1722.2,15.8,1.0
Samsung Galaxy S III - 16GB - pebble blue (T-Mobile),Technology,Phones,7139.8,83.99,1.0
Jabra SPEAK 410 Multidevice Speakerphone,Technology,Phones,2018.7,10.3,1.0
Global Commerce Series Low-Back Swivel/Tilt Chairs,Furniture,Chairs,4420.06,41.11,1.0
DMI Eclipse Executive Suite Bookcases,Furniture,Bookcases,11046.6,90.17,1.0
Logitech VX Revolution Cordless Laser Mouse for Notebooks (Black),Technology,Accessories,3743.8,21.59,1.0
Rosewill 107 Normal Keys USB Wired Standard Keyboard,Technology,Accessories,105.14,0.81,1.0
Hon Every-Day Chair Series Swivel Task Chairs,Furniture,Chairs,967.85,12.1,1.0
RCA H5401RE1 DECT 6.0 4-Line Cordless Handset With Caller ID/Call Waiting,Technology,Phones,239.97,2.4,1.0
Rogers Profile Extra Capacity Storage Tub,Office Supplies,Storage,518.94,4.7,1.0
Sony 8GB Class 10 Micro SDHC R40 Memory Card,Technology,Accessories,27.19,0.34,1.0
"Stur-D-Stor Shelving, Vertical 5-Shelf: 72""H x 36""W x 18 1/2""D",Office Supplies,Storage,2552.54,51.06,2.0
Imation 8GB Mini TravelDrive USB 2.0 Flash Drive,Technology,Accessories,350.2,8.75,2.0
JBL Micro Wireless Portable Bluetooth Speaker,Technology,Phones,779.87,14.99,2.0
Ibico Recycled Grain-Textured Covers,Office Supplies,Binders,141.61,3.45,2.0
GBC Standard Therm-A-Bind Covers,Office Supplies,Binders,466.01,8.5,2.0
Hoover Portapower Portable Vacuum,Office Supplies,Appliances,61.83,1.35,2.0
Fellowes Stor/Drawer Steel Plus Storage Drawers,Office Supplies,Storage,3397.31,78.25,2.0
GBC Instant Report Kit,Office Supplies,Binders,164.98,3.23,2.0
Cisco Unified IP Phone 7945G VoIP phone,Technology,Phones,6751.61,102.31,2.0
Kingston Digital DataTraveler 32GB USB 2.0,Technology,Accessories,355.95,5.42,2.0
Global Chrome Stack Chair,Furniture,Chairs,815.86,15.09,2.0
"Sauder Camden County Barrister Bookcase, Planked Cherry Finish",Furniture,Bookcases,1064.62,24.19,2.0
Belkin Standard 104 key USB Keyboard,Technology,Accessories,265.54,5.1,2.0
KeyTronic KT800P2 - Keyboard - Black,Technology,Accessories,75.1,1.2,2.0
"GE General Use Halogen Bulbs, 100 Watts, 1 Bulb per Pack",Furniture,Furnishings,163.33,3.14,2.0
Global Highback Leather Tilter in Burgundy,Furniture,Chairs,2647.82,49.13,2.0
"SAFCO PlanMaster Boards, 60w x 37-1/2d, White Melamine",Furniture,Tables,2979.01,54.72,2.0
Lunatik TT5L-002 Taktik Strike Impact Protection System for iPhone 5,Technology,Phones,281.66,6.12,2.0
"Tensor ""Hersey Kiss"" Styled Floor Lamp",Furniture,Furnishings,93.53,2.08,2.0
Eureka Sanitaire  Commercial Upright,Office Supplies,Appliances,1524.53,53.03,3.0
Belkin QODE FastFit Bluetooth Keyboard,Technology,Accessories,495.6,16.1,3.0
Bush Mission Pointe Library,Furniture,Bookcases,748.86,24.15,3.0
iHome FM Clock Radio with Lightning Dock,Technology,Phones,699.9,17.5,3.0
Cisco 8x8 Inc. 6753i IP Business Phone System,Technology,Phones,2645.81,83.7,3.0
"Cardinal Slant-D Ring Binder, Heavy Gauge Vinyl",Office Supplies,Binders,178.99,5.41,3.0
Sony 16GB Class 10 Micro SDHC R40 Memory Card,Technology,Accessories,190.77,5.15,3.0
"Chromcraft Bull-Nose Wood Round Conference Table Top, Wood Base",Furniture,Tables,3354.9,100.21,3.0
"Eldon Delta Triangular Chair Mat, 52"" x 58"", Clear",Furniture,Furnishings,546.19,17.45,3.0
Eldon Antistatic Chair Mats for Low to Medium Pile Carpets,Furniture,Furnishings,1431.94,46.33,3.0
Acco Expandable Hanging Binders,Office Supplies,Binders,38.92,1.03,3.0
"Cardinal HOLDit! Binder Insert Strips,Extra Strips",Office Supplies,Binders,136.73,4.37,3.0
OtterBox Defender Series Case - iPhone 5c,Technology,Phones,133.13,3.69,3.0
"Commercial WindTunnel Clean Air Upright Vacuum, Replacement Belts, Filtration Bags",Office Supplies,Appliances,50.57,1.63,3.0
Acco Perma 2700 Stacking Storage Drawers,Office Supplies,Storage,208.18,5.95,3.0
"Tennsco Snap-Together Open Shelving Units, Starter Sets and Add-On Units",Office Supplies,Storage,6819.31,181.67,3.0
Contemporary Wood/Metal Frame,Furniture,Furnishings,193.91,4.85,3.0
Okidata C331dn Printer,Technology,Machines,3210.8,111.68,3.0
Letter Slitter,Office Supplies,Supplies,10.08,0.3,3.0
WD My Passport Ultra 1TB Portable External Hard Drive,Technology,Accessories,1007.4,33.81,3.0
Belkin 7-Outlet SurgeMaster Home Series,Office Supplies,Appliances,106.18,2.79,3.0
"Global Leather Task Chair, Black",Furniture,Chairs,1448.85,63.89,4.0
SanDisk Ultra 64 GB MicroSDHC Class 10 Memory Card,Technology,Accessories,927.78,37.97,4.0
Logitech K350 2.4Ghz Wireless Keyboard,Technology,Accessories,1154.67,47.27,4.0
"Padded Folding Chairs, Black, 4/Carton",Furniture,Chairs,1830.14,80.98,4.0
SanDisk Ultra 32 GB MicroSDHC Class 10 Memory Card,Technology,Accessories,884.0,38.02,4.0
Woodgrain Magazine Files by Perma,Office Supplies,Storage,69.14,2.63,4.0
"Canon Color ImageCLASS MF8580Cdw Wireless Laser All-In-One Printer, Copier, Scanner",Technology,Machines,1007.98,43.2,4.0
Hon Every-Day Series Multi-Task Chairs,Furniture,Chairs,6748.48,281.97,4.0
"Bush Andora Bookcase, Maple/Graphite Gray Finish",Furniture,Bookcases,3317.72,135.59,4.0
GBC Durable Plastic Covers,Office Supplies,Binders,369.59,14.31,4.0
GBC Ibimaster 500 Manual ProClick Binding System,Office Supplies,Binders,19024.5,760.98,4.0
Tennsco Double-Tier Lockers,Office Supplies,Storage,9630.86,429.8,4.0
Logitech G13 Programmable Gameboard with LCD Display,Technology,Accessories,1039.87,43.19,4.0
Polycom SoundPoint IP 450 VoIP phone,Technology,Phones,3839.63,162.61,4.0
"Leather Task Chair, Black",Furniture,Chairs,1437.48,54.59,4.0
"Safco Wire Cube Shelving System, For Use as 4 or 5 14"" Cubes, Black",Office Supplies,Storage,406.78,14.31,4.0
Acco Perma 3000 Stacking Storage Drawers,Office Supplies,Storage,373.44,16.57,4.0
Bevis Round Conference Table Top & Single Column Base,Furniture,Tables,2297.54,100.98,4.0
Alliance Rubber Bands,Office Supplies,Fasteners,13.44,0.54,4.0
Polycom CX300 Desktop Phone USB VoIP phone,Technology,Phones,1679.88,60.0,4.0
Fellowes Recycled Storage Drawers,Office Supplies,Storage,1287.95,48.85,4.0
Nu-Dell EZ-Mount Plastic Wall Frames,Furniture,Furnishings,19.7,0.79,4.0
"Global Leather Highback Executive Chair with Pneumatic Height Adjustment, Black",Furniture,Chairs,5707.85,279.35,5.0
Tenex Chairmats For Use With Carpeted Floors,Furniture,Furnishings,175.78,8.8,5.0
GE 2-Jack Phone Line Splitter,Technology,Phones,1771.52,94.76,5.0
Heavy-Duty E-Z-D Binders,Office Supplies,Binders,176.74,9.04,5.0
Wilson Jones Hanging Recycled Pressboard Data Binders,Office Supplies,Binders,32.64,1.78,5.0
"Bush Westfield Collection Bookcases, Fully Assembled",Furniture,Bookcases,1473.3,73.73,5.0
"Global Stack Chair without Arms, Black",Furniture,Chairs,901.51,44.17,5.0
"C-Line Cubicle Keepers Polyproplyene Holder w/Velcro Back, 8-1/2x11, 25/Bx",Furniture,Furnishings,514.56,23.54,5.0
Logitech Desktop MK120 Mouse and keyboard Combo,Technology,Accessories,778.74,42.56,5.0
GBC VeloBind Cover Sets,Office Supplies,Binders,342.77,18.53,5.0
Hoover Replacement Belt for Commercial Guardsman Heavy-Duty Upright Vacuum,Office Supplies,Appliances,9.76,0.44,5.0
Safco Drafting Table,Furniture,Tables,638.82,34.06,5.0
SpineVue Locking Slant-D Ring Binders by Cardinal,Office Supplies,Binders,110.59,6.05,5.0
GBC Standard Plastic Binding Systems' Combs,Office Supplies,Binders,108.65,5.02,5.0
"SlimView Poly Binder, 3/8""",Office Supplies,Binders,117.59,5.7,5.0
DAX Wood Document Frame.,Furniture,Furnishings,159.27,7.69,5.0
Tensor Brushed Steel Torchiere Floor Lamp,Furniture,Furnishings,146.11,6.79,5.0
"Eldon Expressions Desk Accessory, Wood Pencil Holder, Oak",Furniture,Furnishings,108.08,6.75,6.0
Lenovo 17-Key USB Numeric Keypad,Technology,Accessories,367.09,22.44,6.0
Bush Advantage Collection Round Conference Table,Furniture,Tables,3401.6,210.47,6.0
GBC Premium Transparent Covers with Diagonal Lined Pattern,Office Supplies,Binders,780.45,49.51,6.0
2300 Heavy-Duty Transfer File Systems by Perma,Office Supplies,Storage,344.72,20.98,6.0
Fellowes Bankers Box Staxonsteel Drawer File/Stacking System,Office Supplies,Storage,2612.19,153.35,6.0
Square Credit Card Reader,Technology,Phones,173.82,11.19,6.0
"Situations Contoured Folding Chairs, 4/Set",Furniture,Chairs,3641.26,234.24,6.0
Cush Cases Heavy Duty Rugged Cover Case for Samsung Galaxy S5 - Purple,Technology,Phones,65.34,3.91,6.0
Belkin Premiere Surge Master II 8-outlet surge protector,Office Supplies,Appliances,952.16,55.39,6.0
"Seth Thomas 16"" Steel Case Clock",Furniture,Furnishings,441.73,28.26,6.0
O'Sullivan Cherrywood Estates Traditional Bookcase,Furniture,Bookcases,424.9,27.2,6.0
Lock-Up Easel 'Spel-Binder',Office Supplies,Binders,704.69,39.37,6.0
"Acco Four Pocket Poly Ring Binder with Label Holder, Smoke, 1""",Office Supplies,Binders,122.18,7.45,6.0
Wilson Electronics DB Pro Signal Booster,Technology,Phones,8878.4,515.52,6.0
"Eldon Expressions Wood Desk Accessories, Oak",Furniture,Furnishings,183.03,10.11,6.0
Tripp Lite Isotel 6 Outlet Surge Protector with Fax/Modem Protection,Office Supplies,Appliances,1243.78,74.99,6.0
SAFCO Optional Arm Kit for Workspace Cribbage Stacking Chair,Furniture,Chairs,245.09,14.91,6.0
"Global Adaptabilites Bookcase, Cherry/Storm Gray Finish",Furniture,Bookcases,3447.84,206.87,6.0
"Hon Deluxe Fabric Upholstered Stacking Chairs, Squared Back",Furniture,Chairs,1268.69,73.19,6.0
"Hoover Replacement Belts For Soft Guard & Commercial Ltweight Upright Vacs, 2/Pk",Office Supplies,Appliances,56.09,3.48,6.0
Imation 30456 USB Flash Drive 8GB,Technology,Accessories,154.56,8.56,6.0
Cisco SPA 501G IP Phone,Technology,Phones,213.48,16.01,7.0
Imation 8gb Micro Traveldrive Usb 2.0 Flash Drive,Technology,Accessories,357.0,23.25,7.0
GBC DocuBind 300 Electric Binding Machine,Office Supplies,Binders,6785.14,494.42,7.0
Anker 36W 4-Port USB Wall Charger Travel Power Adapter for iPhone 5s 5c 5,Technology,Phones,339.84,23.2,7.0
Wilson Jones International Size A4 Ring Binders,Office Supplies,Binders,174.73,12.81,7.0
Panasonic KX-TG6844B Expandable Digital Cordless Telephone,Technology,Phones,1135.02,75.24,7.0
Luxo Professional Fluorescent Magnifier Lamp with Clamp-Mount Base,Furniture,Furnishings,3861.05,289.57,7.0
Cisco Small Business SPA 502G VoIP phone,Technology,Phones,882.1,58.47,7.0
Bevis Steel Folding Chairs,Furniture,Chairs,1775.08,117.07,7.0
Samsung Galaxy Note 3,Technology,Phones,2155.9,154.0,7.0
Global Troy Executive Leather Low-Back Tilter,Furniture,Chairs,12975.39,951.88,7.0
Fellowes Superior 10 Outlet Split Surge Protector,Office Supplies,Appliances,867.76,57.08,7.0
Recycled Easel Ring Binders,Office Supplies,Binders,308.83,21.64,7.0
Anker Ultrathin Bluetooth Wireless Keyboard Aluminum Cover with Stand ,Technology,Accessories,491.84,32.99,7.0
Acco Perma 4000 Stacking Storage Drawers,Office Supplies,Storage,457.97,30.04,7.0
Fellowes 8 Outlet Superior Workstation Surge Protector w/o Phone/Fax/Modem Protection,Office Supplies,Appliances,665.68,43.71,7.0
AT&T 1080 Corded phone,Technology,Phones,1945.26,145.22,7.0
Avery Arch Ring Binders,Office Supplies,Binders,1318.87,87.15,7.0
"Tenex 46"" x 60"" Computer Anti-Static Chairmat, Rectangular Shaped",Furniture,Furnishings,2267.97,148.37,7.0
Newell 3-Hole Punched Plastic Slotted Magazine Holders for Binders,Office Supplies,Binders,51.18,3.66,7.0
Hoover Upright Vacuum With Dirt Cup,Office Supplies,Appliances,6832.91,460.35,7.0
Bretford CR8500 Series Meeting Room Furniture,Furniture,Tables,6776.57,461.13,7.0
AT&T CL2909,Technology,Phones,755.95,50.4,7.0
Plastic Stacking Crates & Casters,Office Supplies,Storage,35.71,2.67,7.0
APC 7 Outlet Network SurgeArrest Surge Protector,Office Supplies,Appliances,1207.19,80.48,7.0
"Perixx PERIBOARD-512B, Ergonomic Split Keyboard",Technology,Accessories,419.88,29.4,7.0
"Bush Cubix Collection Bookcases, Fully Assembled",Furniture,Bookcases,729.23,48.62,7.0
"Memorex 25GB 6X Branded Blu-Ray Recordable Disc, 15/Pack",Technology,Accessories,373.79,24.81,7.0
Samsung Galaxy S4,Technology,Phones,6134.7,438.2,7.0
Portfile Personal File Boxes,Office Supplies,Storage,99.12,7.43,7.0
Jabra BIZ 2300 Duo QD Duo Corded Headset,Technology,Phones,1727.07,129.54,8.0
Kensington 7 Outlet MasterPiece Power Center,Office Supplies,Appliances,2883.28,229.59,8.0
Luxo Professional Magnifying Clamp-On Fluorescent Lamps,Furniture,Furnishings,1268.92,106.09,8.0
Belkin iPhone and iPad Lightning Cable,Technology,Phones,83.94,6.3,8.0
Office Star - Contemporary Task Swivel Chair,Furniture,Chairs,1842.26,155.37,8.0
Hon 4060 Series Tables,Furniture,Tables,1231.56,96.29,8.0
Grandstream GXP2100 Mainstream Business Phone,Technology,Phones,596.62,45.9,8.0
Hewlett-Packard Deskjet 5550 Printer,Technology,Machines,597.13,49.76,8.0
Panasonic KX MB2061 Multifunction Printer,Technology,Machines,2396.4,179.73,8.0
Panasonic KX TS3282B Corded phone,Technology,Phones,590.34,44.28,8.0
"Tenex Personal Filing Tote With Secure Closure Lid, Black/Frost",Office Supplies,Storage,279.18,23.27,8.0
Eldon File Chest Portable File,Office Supplies,Storage,79.4,5.96,8.0
Office Star - Mid Back Dual function Ergonomic High Back Chair with 2-Way Adjustable Arms,Furniture,Chairs,4185.49,342.88,8.0
Kingston Digital DataTraveler 64GB USB 2.0,Technology,Accessories,202.68,16.22,8.0
Ricoh - Ink Collector Unit for GX3000 Series Printers,Technology,Machines,465.65,36.91,8.0
Office Star - Task Chair with Contemporary Loop Arms,Furniture,Chairs,600.46,47.31,8.0
Staple remover,Office Supplies,Supplies,263.09,24.08,9.0
Wilson Jones Century Plastic Molded Ring Binders,Office Supplies,Binders,583.64,55.24,9.0
"Fellowes Strictly Business Drawer File, Letter/Legal Size",Office Supplies,Storage,4479.03,388.76,9.0
"Contract Clock, 14"", Brown",Furniture,Furnishings,334.09,29.47,9.0
"Eureka The Boss Plus 12-Amp Hard Box Upright Vacuum, Red",Office Supplies,Appliances,1674.4,146.51,9.0
Clarity 53712,Technology,Phones,752.28,68.64,9.0
Zebra GX420t Direct Thermal/Thermal Transfer Printer,Technology,Machines,5787.36,509.71,9.0
"Logitech B530 USB Headset - headset - Full size, Binaural",Technology,Phones,739.81,64.74,9.0
Wilson Jones Legal Size Ring Binders,Office Supplies,Binders,532.16,48.38,9.0
GuestStacker Chair with Chrome Finish Legs,Furniture,Chairs,9070.93,773.25,9.0
Motorola Moto X,Technology,Phones,1631.95,142.8,9.0
"Perma STOR-ALL Hanging File Box, 13 1/8""W x 12 1/4""D x 10 1/2""H",Office Supplies,Storage,180.6,16.8,9.0
Bionaire 99.97% HEPA Air Cleaner,Office Supplies,Appliances,199.73,17.52,9.0
Nortel Meridian M5316 Digital phone,Technology,Phones,2744.87,253.77,9.0
Wilson Jones Four-Pocket Poly Binders,Office Supplies,Binders,62.13,5.43,9.0
Polycom VoiceStation 500 Conference phone,Technology,Phones,3657.38,339.21,9.0
PayAnywhere Card Reader,Technology,Phones,199.8,17.48,9.0
Micro Innovations Wireless Classic Keyboard with Mouse,Technology,Accessories,107.96,9.6,9.0
RCA ViSYS 25423RE1 Corded phone,Technology,Phones,159.98,14.0,9.0
"Bush Cubix Conference Tables, Fully Assembled",Furniture,Tables,3603.29,311.82,9.0
Mitel 5320 IP Phone VoIP phone,Technology,Phones,2116.68,211.68,10.0
"Global Deluxe Stacking Chair, Gray",Furniture,Chairs,764.69,76.97,10.0
"Atlantic Metals Mobile 3-Shelf Bookcases, Custom Colors",Furniture,Bookcases,7539.71,780.32,10.0
"Global Value Mid-Back Manager's Chair, Gray",Furniture,Chairs,1978.94,197.9,10.0
"Hunt BOSTON Model 1606 High-Volume Electric Pencil Sharpener, Beige",Office Supplies,Art,1113.02,111.3,10.0
SAFCO Arco Folding Chair,Furniture,Chairs,11572.78,1179.37,10.0
Nortel Business Series Terminal T7208 Digital phone,Technology,Phones,1000.73,100.08,10.0
Bevis 36 x 72 Conference Tables,Furniture,Tables,4332.26,448.17,10.0
"GBC Clear Cover, 8-1/2 x 11, unpunched, 25 covers per pack",Office Supplies,Binders,136.44,13.64,10.0
AT&T 841000 Phone,Technology,Phones,1614.6,165.6,10.0
"Hon Practical Foundations 30 x 60 Training Table, Light Gray/Charcoal",Furniture,Tables,4334.83,430.07,10.0
Logitech Media Keyboard K200,Technology,Accessories,503.86,50.39,10.0
Cisco SPA525G2 IP Phone - Wireless,Technology,Phones,426.93,43.08,10.0
Apple iPhone 5S,Technology,Phones,4901.91,512.99,10.0
Sony Micro Vault Click 8 GB USB 2.0 Flash Drive,Technology,Accessories,582.68,57.33,10.0
"Sanitaire Vibra Groomer IR Commercial Upright Vacuum, Replacement Belts",Office Supplies,Appliances,13.0,1.3,10.0
Self-Adhesive Ring Binder Labels,Office Supplies,Binders,22.88,2.36,10.0
Ibico Plastic and Wire Spiral Binding Combs,Office Supplies,Binders,208.23,21.58,10.0
Eldon Advantage Chair Mats for Low to Medium Pile Carpets,Furniture,Furnishings,563.03,56.29,10.0
Mitel MiVoice 5330e IP Phone,Technology,Phones,7699.73,780.96,10.0
Blue Parrot B250XT Professional Grade Wireless Bluetooth Headset with,Technology,Phones,1229.83,127.48,10.0
Logitech G105 Gaming Keyboard,Technology,Accessories,759.94,78.37,10.0
Hewlett-Packard Deskjet 6540 Color Inkjet Printer,Technology,Machines,1396.21,139.62,10.0
Global Adaptabilities Conference Tables,Furniture,Tables,3540.35,354.04,10.0
Seidio BD2-HK3IPH5-BK DILEX Case and Holster Combo for Apple iPhone 5/5s - Black,Technology,Phones,272.9,27.29,10.0
Office Star - Ergonomic Mid Back Chair with 2-Way Adjustable Arms,Furniture,Chairs,2207.96,231.65,10.0
Contemporary Borderless Frame,Furniture,Furnishings,36.16,3.62,10.0
"Acco Recycled 2"" Capacity Laser Printer Hanging Data Binders",Office Supplies,Binders,85.26,8.67,10.0
Griffin GC36547 PowerJolt SE Lightning Charger,Technology,Phones,175.41,17.99,10.0
Nokia Lumia 1020,Technology,Phones,1439.97,144.0,10.0
Eldon Jumbo ProFile Portable File Boxes Graphite/Black,Office Supplies,Storage,36.74,3.67,10.0
Plantronics HL10 Handset Lifter,Technology,Phones,2227.01,250.54,11.0
Panasonic Kx-TS550,Technology,Phones,846.22,95.2,11.0
Wilson Jones Leather-Like Binders with DublLock Round Rings,Office Supplies,Binders,238.33,25.49,11.0
"Deflect-o DuraMat Lighweight, Studded, Beveled Mat for Low Pile Carpeting",Furniture,Furnishings,673.87,72.07,11.0
Belkin 7 Outlet SurgeMaster Surge Protector with Phone Protection,Office Supplies,Appliances,157.92,17.77,11.0
"Global Value Steno Chair, Gray",Furniture,Chairs,2204.85,246.01,11.0
Cisco 9971 IP Video Phone Charcoal,Technology,Machines,4268.0,466.4,11.0
DMI Arturo Collection Mission-style Design Wood Chair,Furniture,Chairs,4619.99,486.15,11.0
Hon 4700 Series Mobuis Mid-Back Task Chairs with Adjustable Arms,Furniture,Chairs,7582.38,833.0,11.0
Electrix Halogen Magnifier Lamp,Furniture,Furnishings,2759.06,314.77,11.0
Newell 337,Office Supplies,Art,10.5,1.18,11.0
Fellowes High-Stak Drawer Files,Office Supplies,Storage,3946.66,419.33,11.0
Wilson Jones Easy Flow II Sheet Lifters,Office Supplies,Binders,51.48,5.62,11.0
Global Comet Stacking Arm Chair,Furniture,Chairs,6084.14,697.13,11.0
Peel & Stick Add-On Corner Pockets,Office Supplies,Binders,38.02,4.3,11.0
Office Star - Contemporary Swivel Chair with Padded Adjustable Arms and Flex Back,Furniture,Chairs,3989.73,425.76,11.0
Geemarc AmpliPOWER60,Technology,Phones,3415.04,384.18,11.0
Belkin 6 Outlet Metallic Surge Strip,Office Supplies,Appliances,262.45,28.74,11.0
Hon Valutask Swivel Chairs,Furniture,Chairs,1242.06,139.35,11.0
"Conquest 14 Commercial Heavy-Duty Upright Vacuum, Collection System, Accessory Kit",Office Supplies,Appliances,546.82,61.52,11.0
Pyle PRT45 Retro Home Telephone,Technology,Phones,201.57,22.68,11.0
Avanti 4.4 Cu. Ft. Refrigerator,Office Supplies,Appliances,3511.01,383.67,11.0
GBC DocuBind TL300 Electric Binding System,Office Supplies,Binders,19823.48,2233.5,11.0
Panasonic KX T7736-B Digital phone,Technology,Phones,1259.58,134.96,11.0
Avaya 4621SW VoIP phone,Technology,Phones,709.92,79.88,11.0
HTC One,Technology,Phones,1119.9,126.0,11.0
"Tenex V2T-RE Standard Weight Series Chair Mat, 45"" x 53"", Lip 25"" x 12""",Furniture,Furnishings,468.47,51.1,11.0
Panasonic KX TS3282W Corded phone,Technology,Phones,1665.8,178.49,11.0
Fellowes Staxonsteel Drawer Files,Office Supplies,Storage,4829.25,509.98,11.0
"Barricks Non-Folding Utility Table with Steel Legs, Laminate Tops",Furniture,Tables,136.46,15.35,11.0
"HP Officejet Pro 8600 e-All-In-One Printer, Copier, Scanner, Fax",Technology,Machines,449.97,48.0,11.0
Okidata B400 Printer,Technology,Machines,1029.6,115.83,11.0
Cherry 142-key Programmable Keyboard,Technology,Accessories,479.72,52.77,11.0
Motorola L703CM,Technology,Phones,4211.73,467.98,11.0
Okidata MB760 Printer,Technology,Machines,7834.4,881.37,11.0
RCA ViSYS 25425RE1 Corded phone,Technology,Phones,323.98,36.45,11.0
Storex DuraTech Recycled Plastic Frosted Binders,Office Supplies,Binders,94.13,11.45,12.0
O'Sullivan 2-Door Barrister Bookcase in Odessa Pine,Furniture,Bookcases,4886.47,566.48,12.0
Hon Multipurpose Stacking Arm Chairs,Furniture,Chairs,6584.64,814.41,12.0
Global Commerce Series High-Back Swivel/Tilt Chairs,Furniture,Chairs,7979.43,926.19,12.0
"GBC White Gloss Covers, Plain Front",Office Supplies,Binders,269.33,31.42,12.0
Global Leather Executive Chair,Furniture,Chairs,5861.53,701.99,12.0
Fellowes Super Stor/Drawer Files,Office Supplies,Storage,4006.44,473.34,12.0
Aluminum Screw Posts,Office Supplies,Binders,354.02,41.19,12.0
3M Organizer Strips,Office Supplies,Binders,83.16,10.16,12.0
Belkin 8 Outlet SurgeMaster II Gold Surge Protector,Office Supplies,Appliances,737.75,89.97,12.0
Toshiba IPT2010-SD IP Telephone,Technology,Phones,3613.74,425.32,12.0
Panasonic KX T7731-B Digital phone,Technology,Phones,659.93,75.99,12.0
Newell 320,Office Supplies,Art,81.32,9.47,12.0
Belkin F8E887 USB Wired Ergonomic Keyboard,Technology,Accessories,563.81,66.27,12.0
RCA Visys Integrated PBX 8-Line Router,Technology,Phones,1085.24,130.64,12.0
Apple iPhone 5,Technology,Phones,12996.6,1611.58,12.0
Classic Ivory Antique Telephone ZL1810,Technology,Phones,341.67,40.19,12.0
Jabra Supreme Plus Driver Edition Headset,Technology,Phones,2159.82,259.18,12.0
"Plantronics CS 50-USB - headset - Convertible, Monaural",Technology,Phones,1468.68,178.16,12.0
Belkin 5 Outlet SurgeMaster Power Centers,Office Supplies,Appliances,1776.05,207.02,12.0
Lexmark S315 Color Inkjet Printer,Technology,Machines,299.97,34.99,12.0
AT&T 17929 Lendline Telephone,Technology,Phones,1339.11,167.37,12.0
Eldon Econocleat Chair Mats for Low Pile Carpets,Furniture,Furnishings,331.76,39.81,12.0
"Universal Recycled Hanging Pressboard Report Binders, Letter Size",Office Supplies,Binders,72.8,8.65,12.0
Canon PC170 Desktop Personal Copier,Technology,Machines,575.82,67.18,12.0
Panasonic KX TS208W Corded phone,Technology,Phones,1283.54,154.81,12.0
"Eldon Imàge Series Desk Accessories, Clear",Furniture,Furnishings,53.46,6.36,12.0
Tenex B1-RE Series Chair Mats for Low Pile Carpets,Furniture,Furnishings,1002.36,124.6,12.0
Griffin GC17055 Auxiliary Audio Cable,Technology,Phones,395.78,46.06,12.0
NeatDesk Desktop Scanner & Digital Filing System,Technology,Machines,479.99,56.0,12.0
"Tenex Traditional Chairmats for Medium Pile Carpet, Standard Lip, 36"" x 48""",Furniture,Furnishings,1322.17,172.24,13.0
Flexible Leather- Look Classic Collection Ring Binder,Office Supplies,Binders,142.04,18.93,13.0
Fellowes Basic Home/Office Series Surge Protectors,Office Supplies,Appliances,436.13,58.28,13.0
"Acco 7-Outlet Masterpiece Power Center, Wihtout Fax/Phone Line Protection",Office Supplies,Appliances,3039.5,401.22,13.0
"Global Push Button Manager's Chair, Indigo",Furniture,Chairs,2185.96,283.74,13.0
Logitech Mobile Speakerphone P710e - speaker phone,Technology,Phones,1916.71,241.61,13.0
Ibico Laser Imprintable Binding System Covers,Office Supplies,Binders,1100.4,138.34,13.0
AT&T 1070 Corded Phone,Technology,Phones,1070.3,133.8,13.0
Global Ergonomic Managers Chair,Furniture,Chairs,6008.54,785.43,13.0
Mophie Juice Pack Helium for iPhone,Technology,Phones,1583.81,201.57,13.0
Cardinal EasyOpen D-Ring Binders,Office Supplies,Binders,209.3,26.5,13.0
O'Sullivan 3-Shelf Heavy-Duty Bookcases,Furniture,Bookcases,1119.2,147.09,13.0
DAX Black Cherry Wood-Tone Poster Frame,Furniture,Furnishings,455.44,61.44,13.0
Wasp CCD Handheld Bar Code Reader,Technology,Machines,336.51,44.87,13.0
Plantronics Voyager Pro Legend,Technology,Phones,1359.54,173.03,13.0
Avery Hole Reinforcements,Office Supplies,Binders,116.52,14.84,13.0
Plantronics 81402,Technology,Phones,844.67,112.18,13.0
"Sauder Facets Collection Locker/File Cabinet, Sky Alder Finish",Office Supplies,Storage,1706.51,222.59,13.0
Pencil and Crayon Sharpener,Office Supplies,Art,29.34,3.76,13.0
WD My Passport Ultra 2TB Portable External Hard Drive,Technology,Accessories,3998.4,499.8,13.0
Polycom SoundStation2 EX Conference phone,Technology,Phones,3968.51,518.34,13.0
"Executive Impressions 12"" Wall Clock",Furniture,Furnishings,176.7,23.33,13.0
"GBC Laser Imprintable Binding System Covers, Desert Sand",Office Supplies,Binders,146.99,18.4,13.0
"Eldon Expressions Punched Metal & Wood Desk Accessories, Black & Cherry",Furniture,Furnishings,155.71,20.63,13.0
Samsung Galaxy Mega 6.3,Technology,Phones,13943.67,1822.75,13.0
Stacking Trays by OIC,Furniture,Furnishings,72.7,9.32,13.0
"Global Leather and Oak Executive Chair, Black",Furniture,Chairs,6410.87,854.78,13.0
Motorola Droid Maxx,Technology,Phones,2609.82,341.98,13.0
"Premium Transparent Presentation Covers, No Pattern/Clear, 8 1/2"" x 11""",Office Supplies,Binders,698.04,90.75,13.0
"Safco Value Mate Steel Bookcase, Baked Enamel Finish on Steel, Black",Furniture,Bookcases,802.07,106.47,13.0
"SmartStand Mobile Device Holder, Assorted Colors",Technology,Phones,75.5,10.06,13.0
RCA ViSYS 25825 Wireless digital phone,Technology,Phones,727.95,91.0,13.0
Tensor Track Tree Floor Lamp,Furniture,Furnishings,299.85,38.19,13.0
Global Enterprise Series Seating Low-Back Swivel/Tilt Chairs,Furniture,Chairs,207.18,25.9,13.0
Fellowes Super Stor/Drawer,Office Supplies,Storage,477.3,67.72,14.0
"Verbatim 25 GB 6x Blu-ray Single Layer Recordable Disc, 1/Pack",Technology,Accessories,83.44,11.48,14.0
Tripp Lite TLP810NET Broadband Surge for Modem/Fax,Office Supplies,Appliances,937.85,130.48,14.0
"Acco Pressboard Covers with Storage Hooks, 14 7/8"" x 11"", Light Blue",Office Supplies,Binders,131.1,18.44,14.0
Zipper Ring Binder Pockets,Office Supplies,Binders,81.75,11.73,14.0
Avery Durable Slant Ring Binders With Label Holder,Office Supplies,Binders,90.71,12.44,14.0
Hoover Shoulder Vac Commercial Portable Vacuum,Office Supplies,Appliances,5009.49,715.65,14.0
"Belkin 325VA UPS Surge Protector, 6'",Office Supplies,Appliances,1379.18,199.63,14.0
Harbour Creations Steel Folding Chair,Furniture,Chairs,2389.13,336.39,14.0
GE DSL Phone Line Filter,Technology,Phones,495.88,69.99,14.0
Hon Non-Folding Utility Tables,Furniture,Tables,3775.66,541.66,14.0
Acco 6 Outlet Guardian Premium Surge Suppressor,Office Supplies,Appliances,432.43,60.43,14.0
Canvas Sectional Post Binders,Office Supplies,Binders,422.64,59.07,14.0
Kingston Digital DataTraveler 16GB USB 2.0,Technology,Accessories,477.93,64.68,14.0
Sauder Inglewood Library Bookcases,Furniture,Bookcases,2154.35,311.18,14.0
Maxell LTO Ultrium - 800 GB,Technology,Accessories,1086.01,156.45,14.0
Polycom VVX 310 VoIP phone,Technology,Phones,6227.66,899.96,14.0
Bady BDG101FRU Card Printer,Technology,Machines,9279.89,1327.99,14.0
"Dana Fluorescent Magnifying Lamp, White, 36""",Furniture,Furnishings,581.17,81.56,14.0
Binder Posts,Office Supplies,Binders,57.41,7.81,14.0
"Tennsco Lockers, Sand",Office Supplies,Storage,407.02,56.23,14.0
Tennsco 6- and 18-Compartment Lockers,Office Supplies,Storage,10925.0,1575.09,14.0
"Eldon Executive Woodline II Desk Accessories, Mahogany",Furniture,Furnishings,361.86,50.01,14.0
Polycom SoundPoint Pro SE-225 Corded phone,Technology,Phones,1903.84,276.05,14.0
Recycled Steel Personal File for Hanging File Folders,Office Supplies,Storage,1053.03,151.67,14.0
Avery Fluorescent Highlighter Four-Color Set,Office Supplies,Art,65.47,9.34,14.0
SanDisk Cruzer 16 GB USB Flash Drive,Technology,Accessories,107.91,14.93,14.0
Sony Micro Vault Click 4 GB USB 2.0 Flash Drive,Technology,Accessories,250.92,35.13,14.0
Deflect-o DuraMat Antistatic Studded Beveled Mat for Medium Pile Carpeting,Furniture,Furnishings,1685.44,244.38,14.0
Konftel 250 Conference phone - Charcoal black,Technology,Phones,2221.59,324.7,15.0
"Howard Miller 13-3/4"" Diameter Brushed Chrome Round Wall Clock",Furniture,Furnishings,1324.8,201.85,15.0
"Avery Durable Slant Ring Binders, No Labels",Office Supplies,Binders,89.55,13.6,15.0
"Tenex Contemporary Contur Chairmats for Low and Medium Pile Carpet, Computer, 39"" x 49""",Furniture,Furnishings,1010.78,150.55,15.0
Avery Premier Heavy-Duty Binder with Round Locking Rings,Office Supplies,Binders,191.35,29.41,15.0
Newell 314,Office Supplies,Art,118.3,17.87,15.0
Sony 64GB Class 10 Micro SDHC R40 Memory Card,Technology,Accessories,899.75,132.09,15.0
Safco Contoured Stacking Chairs,Furniture,Chairs,5697.76,870.16,15.0
LG Electronics Tone+ HBS-730 Bluetooth Headset,Technology,Phones,904.55,133.31,15.0
Tennsco 16-Compartment Lockers with Coat Rack,Office Supplies,Storage,7515.52,1114.37,15.0
Newell 312,Office Supplies,Art,234.77,34.46,15.0
Acme Stainless Steel Office Snips,Office Supplies,Supplies,81.42,12.43,15.0
Imation Bio 8GB USB Flash Drive Imation Corp,Technology,Accessories,2659.84,398.98,15.0
ClearSounds CSC500 Amplified Spirit Phone Corded phone,Technology,Phones,1119.83,162.38,15.0
Logitech Wireless Touch Keyboard K400,Technology,Accessories,364.85,53.73,15.0
"Global Airflow Leather Mesh Back Chair, Black",Furniture,Chairs,3955.67,573.72,15.0
Kensington 4 Outlet MasterPiece Compact Power Control Center,Office Supplies,Appliances,2488.39,380.58,15.0
ShoreTel ShorePhone IP 230 VoIP phone,Technology,Phones,2906.62,422.47,15.0
Office Star - Professional Matrix Back Chair with 2-to-1 Synchro Tilt and Mesh Fabric Seat,Furniture,Chairs,8774.5,1305.66,15.0
Global Comet Stacking Armless Chair,Furniture,Chairs,3528.79,514.36,15.0
Cisco SPA 502G IP Phone,Technology,Phones,2063.14,299.89,15.0
Acco 6 Outlet Guardian Standard Surge Suppressor,Office Supplies,Appliances,149.92,22.97,15.0
"Eureka Sanitaire  Multi-Pro Heavy-Duty Upright, Disposable Bags",Office Supplies,Appliances,83.9,12.75,15.0
Newell 313,Office Supplies,Art,28.21,4.27,15.0
Newell 348,Office Supplies,Art,65.6,9.72,15.0
"24 Capacity Maxi Data Binder Racks, Pearl",Office Supplies,Storage,3537.24,536.91,15.0
Ultra Commercial Grade Dual Valve Door Closer,Furniture,Furnishings,63.82,9.57,15.0
GE 30524EE4,Technology,Phones,5291.74,838.84,16.0
"Global Fabric Manager's Chair, Dark Gray",Furniture,Chairs,3150.58,499.87,16.0
"LF Elite 3D Dazzle Designer Hard Case Cover, Lf Stylus Pen and Wiper For Apple Iphone 5c Mini Lite",Technology,Phones,261.6,41.85,16.0
"Avery Trapezoid Ring Binder, 3"" Capacity, Black, 1040 sheets",Office Supplies,Binders,545.03,85.23,16.0
Nokia Lumia 521 (T-Mobile),Technology,Phones,515.83,83.98,16.0
Adtran 1202752G1,Technology,Phones,1990.65,312.46,16.0
Stanley Bostitch Contemporary Electric Pencil Sharpeners,Office Supplies,Art,275.08,42.79,16.0
Logitech P710e Mobile Speakerphone,Technology,Accessories,10196.61,1645.39,16.0
Global Deluxe Office Fabric Chairs,Furniture,Chairs,1420.5,229.39,16.0
Hon 4070 Series Pagoda Armless Upholstered Stacking Chairs,Furniture,Chairs,8431.0,1388.65,16.0
Aastra 57i VoIP phone,Technology,Phones,3684.72,575.33,16.0
Vinyl Sectional Post Binders,Office Supplies,Binders,901.03,147.03,16.0
Newell 317,Office Supplies,Art,79.97,13.17,16.0
"DAX Metal Frame, Desktop, Stepped-Edge",Furniture,Furnishings,161.92,26.11,16.0
ClearOne Communications CHAT 70 OC Speaker Phone,Technology,Phones,1685.3,273.47,16.0
Avery Durable Binders,Office Supplies,Binders,87.26,13.83,16.0
ClearOne CHATAttach 160 - speaker phone,Technology,Phones,6695.9,1053.99,16.0
Pyle PMP37LED,Technology,Phones,3590.02,576.9,16.0
Boston 16801 Nautilus Battery Pencil Sharpener,Office Supplies,Art,444.61,69.99,16.0
Staple magnet,Office Supplies,Storage,272.9,44.8,16.0
Dax Clear Box Frame,Furniture,Furnishings,96.03,15.37,16.0
Westinghouse Clip-On Gooseneck Lamps,Furniture,Furnishings,279.56,44.19,16.0
Panasonic KP-380BK Classic Electric Pencil Sharpener,Office Supplies,Art,705.2,111.55,16.0
Fellowes Presentation Covers for Comb Binding Machines,Office Supplies,Binders,133.86,21.82,16.0
Global Executive Mid-Back Manager's Chair,Furniture,Chairs,4626.58,750.72,16.0
"SAFCO PlanMaster Heigh-Adjustable Drafting Table Base, 43w x 30d x 30-37h, Black",Furniture,Tables,3739.12,608.04,16.0
"Global Stack Chair with Arms, Black",Furniture,Chairs,803.47,125.01,16.0
Hon Olson Stacker Stools,Furniture,Chairs,5294.47,833.59,16.0
Acme Office Executive Series Stainless Steel Trimmers,Office Supplies,Supplies,159.4,26.22,16.0
"Iceberg Nesting Folding Chair, 19w x 6d x 43h",Furniture,Chairs,1589.41,253.85,16.0
HTC One Mini,Technology,Phones,2041.03,317.5,16.0
"Avery Flip-Chart Easel Binder, Black",Office Supplies,Binders,239.46,37.82,16.0
Vtech CS6719,Technology,Phones,2630.12,418.52,16.0
Aastra 6757i CT Wireless VoIP phone,Technology,Phones,2929.98,482.59,16.0
"Rush Hierlooms Collection 1"" Thick Stackable Bookcases",Furniture,Bookcases,2487.76,410.36,16.0
Ooma Telo VoIP Home Phone System,Technology,Phones,2015.83,314.98,16.0
Logitech Wireless Anywhere Mouse MX for PC and Mac,Technology,Accessories,551.9,89.98,16.0
Cisco IP Phone 7961G VoIP phone - Dark gray,Technology,Phones,1386.69,228.4,16.0
Boston 16765 Mini Stand Up Battery Pencil Sharpener,Office Supplies,Art,102.61,16.32,16.0
Electrix Fluorescent Magnifier Lamps & Weighted Base,Furniture,Furnishings,463.8,73.03,16.0
Fellowes PB200 Plastic Comb Binding Machine,Office Supplies,Binders,4181.76,693.56,17.0
Sony Micro Vault Click 16 GB USB 2.0 Flash Drive,Technology,Accessories,1489.33,255.32,17.0
"Boston School Pro Electric Pencil Sharpener, 1670",Office Supplies,Art,873.64,149.94,17.0
Design Ebony Sketching Pencil,Office Supplies,Art,13.62,2.3,17.0
"Global Manager's Adjustable Task Chair, Storm",Furniture,Chairs,2959.21,493.7,17.0
12-1/2 Diameter Round Wall Clock,Furniture,Furnishings,551.46,91.1,17.0
"Linden 10"" Round Wall Clock, Black",Furniture,Furnishings,253.65,41.88,17.0
Logitech G19 Programmable Gaming Keyboard,Technology,Accessories,4389.25,729.04,17.0
Deluxe Heavy-Duty Vinyl Round Ring Binder,Office Supplies,Binders,504.25,88.24,17.0
Apple iPhone 5C,Technology,Phones,1339.87,229.98,17.0
Sannysis Cute Owl Design Soft Skin Case Cover for Samsung Galaxy S4,Technology,Phones,13.86,2.29,17.0
Samsung Replacement EH64AVFWE Premium Headset,Technology,Phones,104.5,17.89,17.0
GBC DocuBind P100 Manual Binding Machine,Office Supplies,Binders,2954.44,489.65,17.0
"Performers Binder/Pad Holder, Black",Office Supplies,Binders,611.05,106.53,17.0
Samsung Rugby III,Technology,Phones,1385.8,229.65,17.0
WD My Passport Ultra 500GB Portable External Hard Drive,Technology,Accessories,708.0,120.36,17.0
12 Colored Short Pencils,Office Supplies,Art,18.2,3.02,17.0
GBC Imprintable Covers,Office Supplies,Binders,241.56,39.96,17.0
VTech DS6151,Technology,Phones,2746.57,478.78,17.0
Fellowes Advanced 8 Outlet Surge Suppressor with Phone/Fax Protection,Office Supplies,Appliances,244.29,41.64,17.0
Holmes HEPA Air Purifier,Office Supplies,Appliances,239.58,41.38,17.0
DAX Cubicle Frames - 8x10,Furniture,Furnishings,125.79,20.76,17.0
Avery Heavy-Duty EZD View Binder with Locking Rings,Office Supplies,Binders,170.99,29.72,17.0
Newell 33,Office Supplies,Art,47.99,8.37,17.0
"Metal Folding Chairs, Beige, 4/Carton",Furniture,Chairs,685.59,115.73,17.0
KeyTronic KT400U2 - Keyboard - Black,Technology,Accessories,148.03,24.67,17.0
"GBC Pre-Punched Binding Paper, Plastic, White, 8-1/2"" x 11""",Office Supplies,Binders,310.2,52.43,17.0
Harbour Creations 67200 Series Stacking Chairs,Furniture,Chairs,1501.9,254.84,17.0
Cisco SPA112 2 Port Phone Adapter,Technology,Phones,516.53,87.38,17.0
AT&T 1080 Phone,Technology,Phones,1589.08,271.24,17.0
Letter Size File,Office Supplies,Storage,341.42,59.55,17.0
"Hon Deluxe Fabric Upholstered Stacking Chairs, Rounded Back",Furniture,Chairs,10637.53,1927.45,18.0
"C-Line Peel & Stick Add-On Filing Pockets, 8-3/4 x 5-1/8, 10/Pack",Office Supplies,Binders,86.0,15.09,18.0
Avery Binding System Hidden Tab Executive Style Index Sets,Office Supplies,Binders,91.74,16.73,18.0
Global Deluxe High-Back Manager's Chair,Furniture,Chairs,8665.21,1558.59,18.0
I Need's 3d Hello Kitty Hybrid Silicone Case Cover for HTC One X 4g with 3d Hello Kitty Stylus Pen Green/pink,Technology,Phones,542.99,95.2,18.0
Safco Steel Mobile File Cart,Office Supplies,Storage,683.55,120.87,18.0
"Fellowes Personal Hanging Folder Files, Navy",Office Supplies,Storage,284.72,52.64,18.0
Storex Dura Pro Binders,Office Supplies,Binders,278.57,50.55,18.0
"Angle-D Binders with Locking Rings, Label Holders",Office Supplies,Binders,197.83,35.33,18.0
Bulldog Vacuum Base Pencil Sharpener,Office Supplies,Art,330.92,59.6,18.0
Crate-A-Files,Office Supplies,Storage,176.58,31.38,18.0
"Fellowes Premier Superior Surge Suppressor, 10-Outlet, With Phone and Remote",Office Supplies,Appliances,929.48,169.28,18.0
Acco Translucent Poly Ring Binders,Office Supplies,Binders,91.72,16.28,18.0
Hon 4070 Series Pagoda Round Back Stacking Chairs,Furniture,Chairs,5906.03,1052.82,18.0
"Dixon My First Ticonderoga Pencil, #2",Office Supplies,Art,95.94,17.03,18.0
Hon GuestStacker Chair,Furniture,Chairs,6936.11,1233.07,18.0
"Wilson Jones Ledger-Size, Piano-Hinge Binder, 2"", Blue",Office Supplies,Binders,1217.1,215.55,18.0
Wireless Extenders zBoost YX545 SOHO Signal Booster,Technology,Phones,4044.39,733.28,18.0
"Eldon Expressions Punched Metal & Wood Desk Accessories, Pewter & Cherry",Furniture,Furnishings,121.29,21.71,18.0
Eldon Radial Chair Mat for Low to Medium Pile Carpets,Furniture,Furnishings,775.61,135.93,18.0
OtterBox Defender Series Case - Samsung Galaxy S4,Technology,Phones,689.78,122.97,18.0
Samsung Galaxy S4 Mini,Technology,Phones,6109.87,1104.49,18.0
Flat Face Poster Frame,Furniture,Furnishings,678.25,120.97,18.0
Newell 309,Office Supplies,Art,196.35,34.67,18.0
"Eldon Spacemaker Box, Quick-Snap Lid, Clear",Office Supplies,Art,50.76,9.27,18.0
Hon Mobius Operator's Chair,Furniture,Chairs,2705.78,499.33,18.0
Fiskars Spring-Action Scissors,Office Supplies,Supplies,75.49,13.42,18.0
Belkin 8 Outlet Surge Protector,Office Supplies,Appliances,1073.67,188.52,18.0
BlackBerry Q10,Technology,Phones,3099.36,548.06,18.0
Belkin F9M820V08 8 Outlet Surge,Office Supplies,Appliances,558.74,101.0,18.0
Wilson Jones Impact Binders,Office Supplies,Binders,134.68,23.72,18.0
KeyTronic E03601U1 - Keyboard - Beige,Technology,Accessories,324.0,58.32,18.0
"Ultra Door Kickplate, 8""H x 34""W",Furniture,Furnishings,158.24,27.7,18.0
Newell 323,Office Supplies,Art,21.17,3.76,18.0
Newell 316,Office Supplies,Art,46.94,8.22,18.0
Jensen SMPS-640 - speaker phone,Technology,Phones,496.58,88.28,18.0
"Deflect-o EconoMat Nonstudded, No Bevel Mat",Furniture,Furnishings,702.44,123.96,18.0
"Tenex File Box, Personal Filing Tote with Lid, Black",Office Supplies,Storage,338.12,62.66,19.0
Avery Poly Binder Pockets,Office Supplies,Binders,78.04,14.77,19.0
Newell 330,Office Supplies,Art,59.8,11.11,19.0
Holmes Odor Grabber,Office Supplies,Appliances,357.62,67.79,19.0
Akro-Mils 12-Gallon Tote,Office Supplies,Storage,113.2,21.55,19.0
Boston 1645 Deluxe Heavier-Duty Electric Pencil Sharpener,Office Supplies,Art,1073.12,206.26,19.0
Newell 344,Office Supplies,Art,45.59,8.57,19.0
AT&T SB67148 SynJ,Technology,Phones,475.12,89.75,19.0
Acme Tagit Stainless Steel Antibacterial Scissors,Office Supplies,Supplies,196.02,37.03,19.0
Newell 331,Office Supplies,Art,75.31,14.62,19.0
Microsoft Natural Ergonomic Keyboard 4000,Technology,Accessories,557.81,107.66,19.0
"Lifetime Advantage Folding Chairs, 4/Carton",Furniture,Chairs,5212.11,972.64,19.0
DIXON Oriole Pencils,Office Supplies,Art,44.89,8.61,19.0
Polycom CX600 IP Phone VoIP phone,Technology,Phones,4619.23,896.85,19.0
Standard Rollaway File with Lock,Office Supplies,Storage,6594.96,1261.34,19.0
Digium D40 VoIP phone,Technology,Phones,3044.16,571.4,19.0
"Tenex Personal Self-Stacking Standard File Box, Black/Gray",Office Supplies,Storage,229.98,44.82,19.0
Newell 310,Office Supplies,Art,38.72,7.49,19.0
"BOSTON Ranger #55 Pencil Sharpener, Black",Office Supplies,Art,618.56,120.34,19.0
Newell 307,Office Supplies,Art,19.29,3.57,19.0
Micro Innovations USB RF Wireless Keyboard with Mouse,Technology,Accessories,440.0,84.5,19.0
"Hunt BOSTON Vista Battery-Operated Pencil Sharpener, Black",Office Supplies,Art,83.96,15.86,19.0
Harmony Air Purifier,Office Supplies,Appliances,1946.7,374.22,19.0
"Howard Miller 16"" Diameter Gallery Wall Clock",Furniture,Furnishings,575.46,107.42,19.0
Logitech diNovo Edge Keyboard,Technology,Accessories,7399.7,1432.45,19.0
Google Nexus 5,Technology,Phones,3815.79,710.95,19.0
"Safco Chair Connectors, 6/Carton",Furniture,Chairs,881.19,170.85,19.0
Howard Miller 12-3/4 Diameter Accuwave DS  Wall Clock,Furniture,Furnishings,786.9,147.94,19.0
